// Time (s),Mean,
1.596000,88.500000
2.595000,88.500000
3.596000,87.000000
4.595000,87.000000
5.595000,87.500000
6.596000,87.000000
7.596000,86.500000
8.596000,86.000000
